{"loss": [514.92576174438, 410.223157312721, 376.76986848935485, 353.0161320483312, 336.2908074918669, 309.73535396158695, 286.3236748643685, 248.45590975275263, 221.70151619627723, 191.2284441316151, 163.72364710203692, 154.04065059809363], "true_negative": [0.816304347826087, 0.7045031055900622, 0.8200724637681158, 0.8028053830227744, 0.7102070393374741, 0.8159730848861284, 0.8360766045548655, 0.8912836438923395, 0.839792960662526, 0.8750828157349897, 0.8621532091097308, 0.8707349896480332], "true_positive": [0.7466252587991719, 0.8568426501035197, 0.8087888198757764, 0.8473602484472049, 0.8636231884057971, 0.8211490683229813, 0.8068530020703933, 0.7672981366459626, 0.8169979296066252, 0.8192546583850933, 0.8034368530020704, 0.8137577639751553]}