{"loss": [61.640365563333035, 36.130166033282876, 24.174492770805955, 11.469536165706813, 6.914728201227263, 3.816832221695222, 2.5353775849798694, 1.2484034131775843, 0.4410994020436192, 0.2020774916818482, 0.06478251042426564, 0.05688247631769627], "true_negative": [0.6762656739211177, 0.9134579440597244, 0.8703431681598607, 0.8758865575429042, 0.950644347148475, 0.9136723385594645, 0.9106390304693969, 0.8806403952753281, 0.8565868253884249, 0.88592622177826, 0.8900471008991393, 0.8900471008991393], "true_positive": [0.953034326086021, 0.7161518747858318, 0.8911140031169366, 0.8977439189307375, 0.6731934379357766, 0.8130786806015079, 0.847863360193979, 0.9145339060477369, 0.9515966275282245, 0.9258517905435109, 0.9191666303495789, 0.9191666303495789]}