{"loss": [722.724665766924, 729.5555046639514, 737.5907651199823, 745.4925376413634, 738.0838218122339, 730.7011579499184, 727.8911100880754, 725.7454197084297, 719.8513280717847, 718.5290805579317, 716.5679921408727, 716.4672245997748], "true_negative": [0.0, 1.0, 1.0, 1.0, 0.0, 1.0, 1.0, 1.0, 1.0, 1.0, 1.0, 1.0], "true_positive": [1.0, 0.0, 0.0, 0.0, 1.0, 0.0, 0.0, 0.0, 0.0, 0.0, 0.0, 0.0]}