{"loss": [310.97996068000793, 285.3623859882355, 265.2250518798828, 219.4283149242401, 160.87181913852692, 104.18574810028076, 58.34301072359085, 30.1436108648777, 18.19297569990158, 14.88699497282505], "perplexity": [48.13165125707417, 60.03769473090781, 75.82400392517769, 98.8440200580421, 166.84025862376674, 293.6532794390617, 457.11572237127746, 580.803671286637, 643.3795861197782, 656.9127521374562], "bleu_score": [0.08779937050992685, 0.0841200016800903, 0.08592791303456668, 0.08493800415062004, 0.08455749229451398, 0.08444624407810183, 0.08430475792339583, 0.08498581255983341, 0.08568643161749963, 0.08471808681830054], "rouge_score": [0.0, 0.0, 0.0, 0.0, 0.0, 0.0, 0.0, 0.0, 0.0, 0.0]}