{"loss": [965.9596747159958, 828.7273856401443, 761.1379256248474, 681.9366430044174, 528.6620815396309, 397.06562131643295, 253.72840902209282, 151.15379184484482, 89.82351715862751, 68.95865961909294], "perplexity": [10.849575425736232, 9.881256095993141, 9.265915597091029, 9.883748926174569, 11.629933945324778, 16.428712108110588, 25.20626322980126, 39.73690298076688, 51.95953290919378, 55.159743469479146], "bleu_score": [0.05590895825722183, 0.06624774523905036, 0.06420596314043167, 0.06048580667868093, 0.07140435407375488, 0.0626029182481772, 0.0729525427146747, 0.07390815800578045, 0.07685476507006449, 0.07685026170703385], "rouge_score": [0.0, 0.0, 0.0, 0.0, 0.0, 0.0, 0.0, 0.0, 0.0, 0.0]}