{"loss": [70.1849594116211, 22.456466674804688, 14.138716697692871, 8.362335205078125, 15.568346977233887, 27.54836082458496, 19.260833740234375, 8.23393726348877, 12.880064964294434, 2.4860639572143555, 1.9474306106567383, 12.200714111328125, 13.681327819824219, 20.57054328918457, 9.507482528686523, 9.059691429138184, 3.521129608154297, 2.8877882957458496, 20.50016975402832, 4.079095363616943, 8.565630912780762, 3.1805074214935303, 3.5647060871124268, 14.678982734680176, 5.329020023345947, 16.06284523010254, 4.561105251312256, 11.753390312194824, 17.615039825439453, 8.647278785705566, 5.0538010597229, 4.652141571044922, 15.873541831970215, 12.027331352233887, 8.950519561767578, 11.623419761657715, 8.993303298950195, 13.385416984558105, 8.97953987121582, 6.6954216957092285, 12.994667053222656, 3.7347404956817627, 4.543934345245361, 12.2315092086792, 6.243775844573975, 10.459155082702637, 5.368581295013428, 5.836970806121826, 6.734890937805176, 3.5332512855529785], "reward": [17.7307186126709, 9.364776611328125, 7.784690856933594, 9.760721206665039, 9.532147407531738, 11.962196350097656, 12.01221752166748, 9.394797325134277, 8.749338150024414, 7.428234100341797, 4.754926681518555, 12.20163631439209, 9.951201438903809, 13.3585844039917, 9.902461051940918, 11.999934196472168, 9.080320358276367, 7.957996368408203, 11.728906631469727, 7.821469783782959, 11.833063125610352, 9.987930297851562, 9.651446342468262, 17.647672653198242, 10.013049125671387, 13.88719654083252, 9.318425178527832, 11.735587120056152, 12.432861328125, 8.065838813781738, 9.319613456726074, 10.053719520568848, 15.189727783203125, 15.577929496765137, 9.70529842376709, 10.29270076751709, 13.313153266906738, 6.194059371948242, 13.687461853027344, 13.425808906555176, 10.384942054748535, 11.947707176208496, 8.039864540100098, 7.976072788238525, 15.51398754119873, 12.432136535644531, 13.999835014343262, 12.213496208190918, 8.000004768371582, 11.075889587402344]}