{"loss": [13.448079109191895, 12.404586791992188, 12.461918830871582, 14.68556022644043, 13.373787879943848, 10.616609573364258, 9.237466812133789, 7.9933977127075195, 7.290807723999023, 7.088747024536133, 6.109532356262207, 6.053792476654053, 5.605318546295166, 5.300938129425049, 5.361947059631348, 4.774042129516602, 5.5056962966918945, 18.792842864990234, 20.238197326660156, 13.286219596862793, 10.460269927978516, 8.003676414489746, 5.277222156524658, 7.405066967010498, 6.171308517456055, 5.246521949768066, 8.603839874267578, 8.560046195983887, 7.5137481689453125, 6.063754558563232], "reward": [7.459351539611816, 8.468047142028809, 8.941499710083008, 7.964170932769775, 8.865750312805176, 8.233501434326172, 8.618961334228516, 9.019434928894043, 8.334659576416016, 9.337453842163086, 9.111894607543945, 8.821805000305176, 9.010137557983398, 8.60917854309082, 8.523537635803223, 8.399421691894531, 9.11795711517334, 8.974316596984863, 6.808787822723389, 8.180150032043457, 8.330077171325684, 8.311437606811523, 8.133688926696777, 9.174243927001953, 9.545601844787598, 8.80301570892334, 9.370402336120605, 8.236148834228516, 8.779431343078613, 8.929608345031738]}