{"loss": [2.921088933944702, 2.697380781173706, 3.214749574661255, 2.047990322113037, 2.450125217437744, 3.3448307514190674, 2.254586935043335, 1.9766441583633423, 1.7575877904891968, 2.2855889797210693, 2.055588483810425, 1.9598932266235352, 2.86462140083313, 1.5977318286895752, 1.6214498281478882, 2.1205177307128906, 2.37986159324646, 1.2989839315414429, 1.6862163543701172, 1.7475565671920776, 1.408390760421753, 1.40956449508667, 1.4130301475524902, 1.2812191247940063, 1.8989534378051758, 1.4130529165267944, 1.0866072177886963, 1.2076797485351562, 1.150598406791687, 1.1416548490524292, 1.8365579843521118, 1.3270082473754883, 1.8154287338256836, 1.0894073247909546, 1.0108951330184937, 1.1541630029678345, 2.1781909465789795, 1.2767668962478638, 1.5274993181228638, 1.713544249534607, 0.6568306684494019, 0.8255160450935364, 1.5993684530258179, 1.9221540689468384, 1.4346016645431519, 1.3333544731140137, 1.0809420347213745, 1.1380363702774048, 1.1639149188995361, 0.8578960299491882, 1.5072463750839233, 0.7861807942390442, 1.2857105731964111, 1.2870374917984009, 1.5756210088729858, 0.8744972348213196, 2.0128238201141357, 1.5621181726455688, 1.4354711771011353, 0.6443971991539001, 1.155782699584961, 1.7450453042984009, 1.733159065246582, 1.5980091094970703, 1.5177212953567505, 1.7414588928222656, 1.3740754127502441, 1.4309126138687134, 0.7293540835380554, 1.0215364694595337, 1.0880345106124878, 1.023838996887207, 1.2191059589385986, 1.4600706100463867, 0.5771120190620422, 1.6734577417373657, 0.8585634231567383, 1.8019222021102905, 2.335078001022339, 1.3771768808364868, 1.3990623950958252, 1.304315447807312, 1.4378312826156616, 1.3888434171676636, 0.9457347989082336, 1.729071021080017, 1.0020941495895386, 1.3441975116729736, 0.8001496195793152, 1.3631420135498047, 0.956913948059082, 0.8214508891105652, 1.0796321630477905, 1.5704885721206665, 0.7421967387199402, 0.9938181042671204, 0.6704158186912537, 1.1181681156158447, 0.6483785510063171, 0.8260111212730408], "reward": [3.9042694568634033, 5.353831768035889, 5.261674404144287, 5.183668613433838, 7.243235111236572, 7.699916362762451, 7.3496413230896, 6.457028865814209, 6.551028728485107, 6.3026123046875, 6.275961399078369, 6.634194850921631, 8.643388748168945, 5.298239707946777, 6.786327362060547, 5.753959655761719, 7.754724025726318, 7.106584072113037, 7.259868144989014, 8.699620246887207, 6.851370334625244, 8.460026741027832, 7.691038608551025, 8.35186767578125, 6.696404933929443, 9.165567398071289, 8.704784393310547, 9.108298301696777, 8.335227966308594, 8.401679039001465, 7.687300205230713, 9.013501167297363, 7.726464748382568, 8.21390438079834, 9.193330764770508, 9.332531929016113, 7.143704414367676, 8.306070327758789, 6.467194557189941, 8.540306091308594, 9.351058959960938, 8.22763729095459, 7.7567138671875, 5.764064311981201, 8.316010475158691, 7.932659149169922, 7.26458215713501, 9.0947904586792, 8.231254577636719, 9.189013481140137, 8.90305233001709, 9.278326988220215, 9.029183387756348, 8.496864318847656, 8.045464515686035, 8.924166679382324, 8.513842582702637, 7.224565029144287, 7.816218852996826, 9.154882431030273, 8.270920753479004, 8.058295249938965, 8.257893562316895, 8.648640632629395, 7.486230373382568, 7.442897319793701, 8.098628997802734, 8.4196138381958, 9.034214973449707, 9.029620170593262, 8.664596557617188, 9.48387336730957, 8.331976890563965, 8.601919174194336, 9.92883586883545, 7.048842906951904, 9.181193351745605, 7.627559185028076, 7.8062744140625, 8.641401290893555, 8.510790824890137, 8.921481132507324, 6.9705352783203125, 8.837813377380371, 9.129729270935059, 8.034916877746582, 8.68749713897705, 8.169084548950195, 9.985383987426758, 8.819418907165527, 9.176233291625977, 9.671226501464844, 9.42548656463623, 8.425707817077637, 9.93725299835205, 9.766806602478027, 9.664676666259766, 8.574667930603027, 9.448038101196289, 9.273938179016113]}